round,n,m,W,P,Lmax,seen,quick,exact,deg2,survivors
1,6,8,3;4,3;5,4,24,7,9,3,5
2,8,17,6;7,1;4;5;6;7,7,980,26,954,0,0
3,10,17,3;4;8;9,1;3;5;6;8,9,395166,663,394493,9,1
4,7,6,3;6;7,2;3;4;5,7,41,0,14,0,27
5,8,10,7;8,1;2;3;4,8,663,0,663,0,0
6,8,17,4;7,2;7,7,980,26,954,0,0
7,7,9,5;7,1;2;3;5;6,7,131,0,131,0,0
8,10,13,6;7;9;10,2;3;4;5;8;9,10,34663,0,34663,0,0
9,10,14,4;6;8;10,1;3;4;9,10,71318,0,70626,132,560
10,8,11,4;7;8,1;2;5;7,8,980,0,978,0,2
11,7,7,4;7,2;4,7,65,0,52,0,13
12,9,20,6,3;6,6,27987,15228,12759,0,0
13,10,14,3;10,1;2;3;5;6;7,10,71318,0,71318,0,0
14,10,12,4;5;6;7;10,1;3;4;5;8,10,15772,0,14504,24,1244
15,6,6,3,1,3,21,9,3,0,9
16,9,9,5;6;9,2;3;5;8,9,771,0,720,0,51
17,10,13,3;4;6;8;9,1;2;3;4;6,9,34663,20,31999,488,2156
18,10,9,3;5;6;7;8;10,2;5;6,10,1103,0,575,0,528
19,10,17,4;5;7;8;10,5;6;7;9,10,395166,0,395166,0,0
20,9,8,6;7;9,3;5;7,9,345,0,289,0,56
21,8,7,3;5,2;4;7,5,115,2,45,0,68
22,8,10,6;7;8,2;3;4;6,8,663,0,663,0,0
23,9,20,3;4;6;8;9,2;7,9,27987,0,27986,1,0
24,6,8,3;4,2;3;4;5,4,24,7,9,3,5
25,10,10,3;4;5;6,1;2;6;8;9,6,2769,72,157,102,2438
26,8,17,4;5;6,2;3;6;7,6,980,240,740,0,0
27,9,13,3;6;9,1;3;4;7,9,10120,0,10120,0,0
28,10,22,4;6;9,1;4;6;7,9,1358852,8793,1350059,0,0
29,10,14,3;4;5;6;9,1;3;4;5;6;8;9,9,71318,46,56625,5808,8839
30,7,12,5;7,2;4;5,7,131,0,131,0,0
31,7,9,3;5;6,1;3,6,131,3,125,0,3
32,6,11,5,2;4,5,9,3,6,0,0
33,9,9,3;4;5;6;7,2;6,7,771,2,3,28,738
34,9,19,5;7;8;9,2;4;5,9,32403,0,32403,0,0
35,10,14,3;7;8;9;10,2;3;5;6;8,10,71318,0,71318,0,0
36,10,16,8;10,2;3;4;6;7;8;9,10,241577,0,241577,0,0
37,6,13,3,1,3,2,2,0,0,0
38,9,10,5,3;4;5;6;7;8,5,1637,249,1387,0,1
39,6,11,5,4,5,9,3,6,0,0
40,6,5,4;5,2;3,5,15,0,6,0,9
41,6,8,3;5,1;3;4;5,5,24,4,20,0,0
42,8,11,3,1;2;5;7,3,980,924,56,0,0
43,8,14,4,4,4,1646,1423,223,0,0
44,7,15,6;7,1;2;4,7,41,0,41,0,0
45,8,9,5;7,2;5;6;7,7,402,0,402,0,0
46,10,19,5;8;9,3;4;7;8,9,828728,2802,825926,0,0
47,6,11,4;5,1,5,9,3,6,0,0
48,7,15,4;5;7,2;3;4;5,7,41,0,41,0,0
49,6,7,3;4;5,1;4,5,24,0,2,2,20
50,8,14,5;7;8,2;5;7,8,1646,0,1646,0,0
51,10,10,5;6;9,3;7;9,9,2769,1,2609,0,159
52,9,13,3;4;6;7;9,1;3;4;5;6;8,9,10120,0,9896,112,112
53,7,15,3;4;7,2;3,7,41,0,41,0,0
54,8,15,4;7,1;3,7,1557,25,1532,0,0
55,7,8,7,4;5;6,7,97,0,97,0,0
56,8,15,4;5;6;7;8,1;4;7,8,1557,0,1555,2,0
57,7,16,4;5;7,1;2;3;4;5,7,21,0,21,0,0
58,7,8,3;6;7,3;4;5;6,7,97,0,86,0,11
59,9,13,3;5;6;8,1;3;4;6;8,8,10120,20,10100,0,0
60,9,19,3;6;7;9,1;4;5;6;8,9,32403,0,32403,0,0
61,7,15,3;5,1;3;4;5;6,5,41,21,20,0,0
62,7,8,3;4,2;3,4,97,25,19,5,48
63,7,13,3;4;5,1;3;5,5,97,32,64,1,0
64,6,10,3;4,2;3,4,15,11,4,0,0
65,8,7,7,1;2;4;5;7,7,115,0,91,0,24
66,9,20,6;9,7,9,27987,0,27987,0,0
67,8,15,3;4;7,1;2;3,7,1557,25,1532,0,0
68,9,11,5;7,1;2;3;4;5;6;8,7,3252,42,3210,0,0
69,10,22,3;7,1;3;4;5;6,7,1358852,444221,914631,0,0
70,10,16,3;4;6;8;10,2;3;4;6;8;9,10,241577,0,241079,363,135
71,7,16,4;5;7,4;6,7,21,0,21,0,0
72,10,10,3;4;6;8;9,1;2;3;4;5;6;7;8;9,9,2769,1,1174,53,1541
73,10,21,8;9,2;4;5;6;8;9,9,1251389,6677,1244712,0,0
74,8,7,4;5;6,3;4;7,6,115,1,62,0,52
75,7,10,5,3;4,5,148,24,124,0,0
76,9,18,3;4;7,4;5;6;8,7,34040,3774,30266,0,0
77,10,18,4;5;6;7;8,1;2;4;5,8,596191,18519,577580,92,0
78,6,10,3;4,1;2;3;5,4,15,11,4,0,0
79,10,22,6;7;9;10,1;5;7;8,10,1358852,0,1358852,0,0
80,8,7,3;4;6;7,3;4;6;7,7,115,0,14,2,99
81,6,11,4;6,1;2,6,9,0,9,0,0
82,8,11,3;6;7,1;5;7,7,980,8,972,0,0
83,6,9,4;6,2;4;5,6,21,0,20,1,0
84,7,13,4;5;7,1;2;6,7,97,0,97,0,0
85,8,16,3;4;5;6;8,2;4;6,8,1312,0,1287,25,0
86,9,11,3;6;7;8,1;3;5;6;7;8,8,3252,5,3194,0,53
87,8,17,3;4;5;6;7,1;2;7,7,980,26,836,118,0
88,10,19,7;10,1;2;3;5;6;7;8;9,10,828728,0,828728,0,0
89,6,6,4;5;6,1;2;4;5,6,21,0,14,0,7
90,7,14,3;7,1;2,7,65,0,65,0,0
91,7,15,3;4;7,1;2;3;6,7,41,0,41,0,0
92,6,9,3;4;5;6,3;4;5,6,21,0,0,10,11
93,8,14,3;4;7;8,3;4,8,1646,0,1646,0,0
94,9,16,5;8;9,1;2;3;4;6;7;8,9,27987,0,27987,0,0
95,9,19,5;8;9,1;3;5;7,9,32403,0,32403,0,0
96,9,20,3;8,3;7,8,27987,270,27717,0,0
97,8,9,3;8,1;2;4;6;7,8,402,0,367,0,35
98,10,9,3;5;7;8;9,1;2;3;4;5;7;8,9,1103,0,634,0,469
99,6,13,4;5;6,4,6,2,0,2,0,0
100,6,9,5,1;4;5,5,21,3,18,0,0
101,7,16,3;6,1,6,21,4,17,0,0
102,6,11,5,1;3;5,5,9,3,6,0,0
103,6,6,4;5;6,1;2;4,6,21,0,14,0,7
104,9,13,5;7,2;7,7,10120,225,9895,0,0
105,10,11,3;5;8,2;3;5;8;9,8,6759,10,6248,0,501
106,6,14,5,1;2;3;5,5,1,0,1,0,0
107,8,15,4;5;7;8,3;5;6;7,8,1557,0,1557,0,0
108,9,9,3;7;9,3;4,9,771,0,587,0,184
109,6,7,4,3;4,4,24,3,19,0,2
110,9,16,3;4;6,1;3;4;5;6;7;8,6,27987,8272,19711,4,0
111,9,13,5;6;7;8,1;2;4;6,8,10120,20,10100,0,0
112,9,17,3;7,1;2;4;5;7,7,32403,2884,29519,0,0
113,7,6,5;6;7,1;4;6,7,41,0,27,0,14
114,9,11,3;5;6,2;3;5;6;7,6,3252,189,2975,0,88
115,7,16,5;6,2;5,6,21,4,17,0,0
116,9,20,7;9,2;4;8,9,27987,0,27987,0,0
117,6,6,3;4;5,3;5,5,21,1,0,1,19
118,9,16,3;4;6;7;8,3;4;5;6;7,8,27987,185,27783,19,0
119,8,10,3;8,1;7,8,663,0,656,0,7
120,9,19,3;4;5,1;2;3;4;5;6;7,5,32403,27328,5073,2,0
121,6,7,4;5,1;2;4,5,24,0,21,0,3
122,9,10,3;5;6,5;7;8,6,1637,49,1356,0,232
123,6,14,4,2;5,4,1,1,0,0,0
124,6,7,5,1;2;3,5,24,0,24,0,0
125,10,13,3;7;10,1;5;8,10,34663,0,34642,0,21
126,8,14,4;5;6;8,1;5;6,8,1646,0,1643,3,0
127,7,15,4;5;6,2;5;6,6,41,5,36,0,0
128,10,12,3;4;5;6;10,3;9,10,15772,0,5981,1055,8736
129,8,13,3;4;5;7,1;3;5;7,7,1557,18,1487,48,4
130,9,15,4;7;8;9,2;5;8,9,21933,0,21933,0,0
131,8,18,4;6,2;3;5;6,6,663,193,470,0,0
132,8,10,3;5;6;7;8,1;2;3;4;5;6,8,663,0,632,0,31
133,7,7,4,1;2;3;4;5;6,4,65,9,44,0,12
134,9,10,4;5;9,4;6;8,9,1637,0,1493,0,144
135,10,10,3;6;9,3;4;9,9,2769,1,2212,0,556
136,10,13,4;6;7;8;9,1;2;3;4;5;7;8,9,34663,20,33881,69,693
137,7,9,3,1;2;3;5;6,3,131,106,23,0,2
138,7,6,5;7,1;2;5,7,41,0,28,0,13
139,10,22,5;8;9,1;3;4;6;7;8,9,1358852,8793,1350059,0,0
140,6,10,5;6,1;2;3;4,6,15,0,15,0,0
141,8,14,4;6,3;5;6,6,1646,268,1377,1,0
142,7,8,4,1;4;5,4,97,25,63,0,9
143,10,12,3;4;7;8;10,2;3;5;6;7;8;9,10,15772,0,13459,285,2028
144,6,13,3;4;5;6,1;2;4,6,2,0,0,2,0
145,9,10,3;5;6;8;9,1;2;4;5,9,1637,0,1398,0,239
146,9,9,6;7,2;3;8,7,771,2,750,0,19
147,9,13,4;7,1;3;5;6;7,7,10120,225,9893,0,2
148,7,16,3;4,2;6,4,21,21,0,0,0
149,8,16,3;4;8,3;4;5;7,8,1312,0,1312,0,0
150,6,11,3;5;6,1;5,6,9,0,9,0,0
151,9,16,3;5;6;8,1;6;8,8,27987,185,27802,0,0
152,6,11,4;5;6,1;2,6,9,0,9,0,0
153,9,20,3;4;8;9,2;3;4;5;8,9,27987,0,27987,0,0
154,6,8,4;5;6,1;2;3;4,6,24,0,22,0,2
155,7,14,5;6,2;4,6,65,8,57,0,0
156,7,9,6,2,6,131,3,128,0,0
157,10,19,3;5;6;8;9,2;4;5;6;7;8,9,828728,2802,825926,0,0
158,9,15,5;6;9,3;4;6;7,9,21933,0,21933,0,0
159,9,20,4;7,4;5;6;7;8,7,27987,4588,23399,0,0
160,10,15,3;4;5;6;7;8;9,7;8;9,9,136433,112,11001,46329,78991
161,8,13,3;4;5;6,3;4;5;6;7,6,1557,183,1040,297,37
162,9,18,5;6;7;8;9,1;3;5,9,34040,0,34040,0,0
163,6,8,5;6,1;2;3;4;5,6,24,0,24,0,0
164,8,8,8,1;2;3;6,8,221,0,220,0,1
165,10,15,3;6;8,5;9,8,136433,1925,134508,0,0
166,8,15,3,1;2;3;5,3,1557,1556,1,0,0
167,9,16,5;8,1;2;5;6;7,8,27987,185,27802,0,0
168,8,13,4;6;8,1;3;4;5;6;7,8,1557,0,1550,7,0
169,8,7,3;4;7,3;5;7,7,115,0,17,2,96
170,7,11,3;4;5;6,2;6,6,148,3,55,69,21
171,8,9,3;5;8,3;4;5;7,8,402,0,361,0,41
172,10,20,3;6;7;9;10,2;3;7,10,1061159,0,1061159,0,0
173,10,12,4;6;7;8,4;9,8,15772,46,14940,25,761
174,6,14,5,1;3,5,1,0,1,0,0
175,7,6,3;5;6;7,2;4;5;6,7,41,0,12,0,29
176,7,11,3;4;5;6;7,4;6,7,148,0,0,87,61
177,10,12,6;7;8,3;4;5,8,15772,46,15724,0,2
178,8,17,3;6,4;5,6,980,240,740,0,0
179,8,8,4;5;6;7,1;3;7,7,221,1,152,0,68
180,10,20,4;8;9;10,2;6;9,10,1061159,0,1061159,0,0
181,8,13,6;8,2;5;6;7,8,1557,0,1557,0,0
182,9,8,4;5;6;8,2;6;7,8,345,0,203,0,142
183,6,9,4;5;6,5,6,21,0,20,1,0
184,8,9,3;6;7;8,1;3;5;6,8,402,0,360,0,42
185,8,9,6;8,2;4;6;7,8,402,0,401,0,1
186,10,21,4;7;9,1;2;3;4;5;9,9,1251389,6677,1244712,0,0
187,9,14,5;7;9,2;3;6;8,9,15615,0,15615,0,0
188,6,11,5;6,1;2;3;5,6,9,0,9,0,0
189,7,7,5,1;4;5;6,5,65,2,59,0,4
190,7,15,3;5;6,1;2;3;4;5;6,6,41,5,36,0,0
191,7,13,3;4;6;7,2;5;6,7,97,0,97,0,0
192,6,14,3,3,3,1,1,0,0,0
193,10,9,6,2;3;4;5;8;9,6,1103,15,960,0,128
194,9,13,4;5;7;8;9,2;4,9,10120,0,10111,0,9
195,7,7,6,1;2,6,65,1,63,0,1
196,9,17,3;4;5;7;9,1;2;3;4;5;6;8,9,32403,0,32381,22,0
197,8,18,7,2;6,7,663,18,645,0,0
198,9,19,5;8,1;3;4;5;6;7;8,8,32403,290,32113,0,0
199,8,16,3;5;7;8,1;2;3;4;5;6,8,1312,0,1312,0,0
200,7,12,6,1;2;3;4;6,6,131,8,123,0,0
201,7,10,4;5;6,1;4;5,6,148,2,142,1,3
202,8,10,3;4,2;3;5;7,4,663,320,199,28,116
203,9,11,4;5;7;9,1;2;6;7;8,9,3252,0,3141,0,111
204,6,14,3,2;3;5,3,1,1,0,0,0
205,8,16,5;6;7,1;3;5,7,1312,34,1278,0,0
206,9,8,3;7;8,5;6;7;8,8,345,0,190,0,155
207,9,20,3;4;6;7;8,2,8,27987,270,27716,1,0
208,9,12,5;9,1;2;3;5;6,9,5995,0,5995,0,0
209,6,5,4;5;6,1;2;4;5,6,15,0,6,0,9
210,6,14,4,2;3,4,1,1,0,0,0
211,9,14,3;5;7;8,1;2;4;5,8,15615,59,15556,0,0
212,6,10,3;4;5;6,3,6,15,0,0,15,0
213,7,12,3;5;6,1;2;3;6,6,131,8,123,0,0
214,10,15,3;4;5;6;7,4;5,7,136433,11433,86390,22552,16058
215,7,13,3;4;6,2;4,6,97,7,90,0,0
216,10,22,6;8,1;3;5;6;7,8,1358852,97592,1261260,0,0
217,6,10,4;5,2;4;5,5,15,1,14,0,0
218,10,20,5;7;8,2;4;5;6;7,8,1061159,49448,1011711,0,0
219,7,6,3;4;5;6,2;5,6,41,0,0,1,40
220,8,13,4;6;8,2;7,8,1557,0,1550,7,0
221,9,19,3;4;7;8,4;5;6,8,32403,290,32113,0,0
222,9,20,3;7;8,1;3;4;5;6;7,8,27987,270,27717,0,0
223,8,7,3;5;7,2;3;5;7,7,115,0,46,0,69
224,7,13,3;4;7,1;3;4;5;6,7,97,0,97,0,0
225,7,6,5,1;3;6,5,41,1,27,0,13
226,8,14,6;7,3;5,7,1646,21,1625,0,0
227,8,7,3;8,3;5;7,8,115,0,53,0,62
228,7,11,4;5,3;4;5,5,148,23,125,0,0
229,7,11,3;5;6;7,1;2;3;6,7,148,0,148,0,0
230,10,20,3;5;6;7;8;9;10,1;2;3;7;8,10,1061159,0,1061159,0,0
231,8,16,3;4;6;7;8,1;7,8,1312,0,1311,1,0
232,8,16,3;4;6,2;4;5,6,1312,287,1025,0,0
233,7,7,4;6;7,1;2;5;6,7,65,0,50,0,15
234,6,9,3;4;5,4;5,5,21,3,8,7,3
235,6,11,3;4,2,4,9,7,2,0,0
236,10,15,5;6;7;8,1;3;4;6;7;8;9,8,136433,1925,134508,0,0
237,8,13,4;5;6;8,2;6,8,1557,0,1550,7,0
238,9,11,3;4;7,1;3;4;7;8,7,3252,42,2637,85,488
239,10,12,6;7;8;9;10,2;3;5;9,10,15772,0,15769,0,3
240,9,14,7;8;9,2;3;4;5;6;8,9,15615,0,15615,0,0
241,9,16,3;4;5;7;9,1;2;7,9,27987,0,27922,65,0
242,9,10,5;6;7;8;9,1;2;6,9,1637,0,1607,0,30
243,6,11,3;6,2;3;4,6,9,0,9,0,0
244,10,9,4;6;7;9,1;2;5;6;8,9,1103,0,773,1,329
245,8,14,6;8,1;2;3;4;6,8,1646,0,1646,0,0
246,8,7,7,6;7,7,115,0,91,0,24
247,9,11,4;6;7;9,1;4;6;7;8,9,3252,0,3110,7,135
248,7,16,5;6,6,6,21,4,17,0,0
249,6,11,3;4;5;6,1;4,6,9,0,0,9,0
250,6,12,5,1;3,5,5,1,4,0,0
251,8,15,5;6;7;8,1;4;5;6,8,1557,0,1557,0,0
252,8,10,3;4;5,4;5;6,5,663,119,211,58,275
253,10,17,6;7;8,1;4;5;6;8,8,395166,9868,385298,0,0
254,6,8,4,3;5,4,24,7,16,0,1
255,10,14,3;5;8;10,3;5;7,10,71318,0,71318,0,0
256,7,11,3;5,1;3;5;6,5,148,23,125,0,0
257,6,6,3;4;5;6,3;4,6,21,0,0,1,20
258,7,12,4;7,1;3;4;5;6,7,131,0,131,0,0
259,6,10,5,1;5,5,15,1,14,0,0
260,10,12,4;5;6;7;10,2;3;7;8;9,10,15772,0,14504,24,1244
261,8,7,6;7,1;2;6;7,7,115,0,89,0,26
262,10,14,3;4;6;7;8,2;5;7,8,71318,551,68815,609,1343
263,10,15,3;5;9,2;3;5;6,9,136433,112,136321,0,0
264,9,12,3;8,1;2;3;5;7,8,5995,8,5983,0,4
265,9,20,6;9,1;3;6;7,9,27987,0,27987,0,0
266,7,13,4,3;4,4,97,75,22,0,0
267,9,16,3;6,2;3;4;7,6,27987,8272,19715,0,0
268,6,8,4;5;6,1;2;3;4;5,6,24,0,22,0,2
269,8,7,3;5;7;8,4;5;6,8,115,0,46,0,69
270,9,13,7;9,1;2;3;6;7,9,10120,0,10120,0,0
271,10,17,3;5;6;8,2;4;6;8;9,8,395166,9868,385298,0,0
272,6,11,3;4;5;6,5,6,9,0,0,9,0
273,9,10,6,2;4;8,6,1637,49,1586,0,2
274,9,10,6,1;2;4;6;7;8,6,1637,49,1586,0,2
275,10,14,6;9;10,1;4;5;6;7;9,10,71318,0,71318,0,0
276,10,18,3;4;8;10,1;2;6;7;8,10,596191,0,596189,2,0
277,7,8,3;5;6;7,4,7,97,0,80,0,17
278,6,7,6,1;2;3,6,24,0,24,0,0
279,8,12,4;6;7;8,1;4;5;7,8,1312,0,1296,7,9
280,8,7,6;8,3;5,8,115,0,90,0,25
281,9,16,3;4;9,3;6;8,9,27987,0,27987,0,0
282,7,8,4;5;7,2,7,97,0,84,0,13
283,9,9,3;6,1;2;3;4;6;7,6,771,13,564,0,194
284,6,14,6,2;3;4,6,1,0,1,0,0
285,9,8,3;7;8,1;3;4;5,8,345,0,190,0,155
286,10,21,4;5;9,1;3;4;5;6;8,9,1251389,6677,1244712,0,0
287,7,14,4;5;6,2;4;5;6,6,65,8,57,0,0
288,6,7,6,1;4,6,24,0,24,0,0
289,7,16,3;4;5;7,1;2;3;5;6,7,21,0,21,0,0
290,8,15,4;5;7,1;3;4,7,1557,25,1532,0,0
291,8,13,5;6;7,1;2;3;5;6;7,7,1557,18,1539,0,0
292,10,11,3;4;6;7,2;4;7;8;9,7,6759,80,4040,139,2500
293,9,17,4;7;8;9,1;2;7;8,9,32403,0,32403,0,0
294,9,11,3;7;8,5;6;7;8,8,3252,5,3213,0,34
295,8,11,4;6;7,1;2;4;5;6;7,7,980,8,953,5,14
296,8,18,3;5;6;7,2,7,663,18,645,0,0
297,7,8,3;7,1;3;5;6,7,97,0,87,0,10
298,10,13,3;9,6;7;8;9,9,34663,20,34622,0,21
299,9,15,3;6,1;3;4;5,6,21933,5738,16195,0,0
300,7,16,4;5,1,5,21,15,6,0,0
301,7,9,3,3;4;5,3,131,106,23,0,2
302,9,12,4;7;8,2;3;4;6,8,5995,8,5974,0,13
303,6,10,3;4;5;6,1;4,6,15,0,0,15,0
304,10,22,4;5;6;8;10,1;2;8;9,10,1358852,0,1358845,7,0
305,6,8,3,2;4,3,24,18,6,0,0
306,9,19,3;4,2;4;5;7,4,32403,32333,70,0,0
307,8,11,3;4,1;3;4;5;6;7,4,980,601,306,24,49
308,8,16,3;4;5;8,1;2;3;4;5;7,8,1312,0,1311,1,0
309,9,11,4,2;3;7;8,4,3252,1831,1387,0,34
310,10,19,6;7;9,2;3;6;7;8;9,9,828728,2802,825926,0,0
311,7,9,3;4;6,2;3;4;6,6,131,3,88,10,30
312,9,19,6;9,1;2;7,9,32403,0,32403,0,0
313,8,18,4;5;6;7;8,3;4;5;7,8,663,0,663,0,0
314,9,13,4;7;8;9,1;3;6,9,10120,0,10118,0,2
315,6,14,3;6,1,6,1,0,1,0,0
316,9,9,4;5;7;8,1;2;3;5;6;7;8,8,771,1,593,0,177
317,8,8,3;4;5;8,1;2;4;5,8,221,0,24,8,189
318,9,14,4;5;7;9,2;4;5;8,9,15615,0,15614,0,1
319,6,14,3;4,1;4,4,1,1,0,0,0
320,8,13,3;4;5;6;7,1;3;6;7,7,1557,18,535,838,166
321,8,11,3;6;7;8,1;5;6;7,8,980,0,980,0,0
322,10,12,3;7;8;10,2;3;4,10,15772,0,15624,0,148
323,7,14,7,2;3;4;6,7,65,0,65,0,0
324,7,16,5,2;4;5;6,5,21,15,6,0,0
325,9,14,4;5;6;7;8;9,2;3;4;7;8,9,15615,0,15497,57,61
326,9,17,7;9,3;5,9,32403,0,32403,0,0
327,7,6,3;4;5;6,3,6,41,0,0,1,40
328,6,5,6,2;5,6,15,0,9,0,6
329,10,15,4;6,1;3;4;5,6,136433,40788,95542,70,33
330,7,11,6,2,6,148,3,145,0,0
331,10,20,3;5;6;7;9;10,1;3;4;7,10,1061159,0,1061159,0,0
332,9,19,3;5;8;9,5,9,32403,0,32403,0,0
333,9,11,5;6;7;9,1;3;7,9,3252,0,3249,0,3
334,7,13,3;4;5;6,2;4,6,97,7,66,24,0
335,7,7,3;4;6,1;4;5,6,65,1,12,2,50
336,10,18,3;4;10,2;3;6;7;8,10,596191,0,596189,2,0
337,6,13,3;4;5,1;3;5,5,2,1,1,0,0
338,6,14,4;5,1;2;3,5,1,0,1,0,0
339,9,10,3;5,3;4;5;6,5,1637,249,1248,0,140
340,6,6,4,1;4;5,4,21,2,14,0,5
341,6,5,5,2;3;4;5,5,15,0,8,0,7
342,6,14,3;5,4;5,5,1,0,1,0,0
343,8,7,3;6;7,3;4;7,7,115,0,50,0,65
344,7,11,3;4;5;6,1;2;3;4;5;6,6,148,3,55,69,21
345,8,15,3;4;5;7,5;6;7,7,1557,25,1528,4,0
346,7,6,4;5;7,1;2;6,7,41,0,21,0,20
347,8,14,3;4;7,2;3;5;6,7,1646,21,1625,0,0
348,6,8,3;5,1;4,5,24,4,20,0,0
349,7,6,4;5;6;7,1;2;3,7,41,0,20,0,21
350,10,13,4;5;6;9;10,1;3;4;6;7;8;9,10,34663,0,34183,59,421
351,9,16,3;8;9,3;5,9,27987,0,27987,0,0
352,9,12,3;5;6;9,1;2;4;7,9,5995,0,5988,0,7
353,8,12,3;7;8,3;5;6;7,8,1312,0,1312,0,0
354,10,20,3;4;7;8;9,1;3;4;9,9,1061159,4734,1056425,0,0
355,6,9,3,4,3,21,18,3,0,0
356,8,8,3;6,6,6,221,2,152,0,67
357,10,19,5;6;8;10,1;3;4;6;7;9,10,828728,0,828728,0,0
358,10,13,4;5;6,2;4,6,34663,5384,28802,59,418
359,6,12,3;4,2;4;5,4,5,3,2,0,0
360,7,16,4;5;6;7,3;5;6,7,21,0,21,0,0
361,6,8,4,3,4,24,7,16,0,1
362,6,6,3;4,2;3;4;5,4,21,2,1,1,17
363,6,6,3;4,2;4,4,21,2,1,1,17
364,10,13,3;4;5;7;8;9,1;2;5;7;8,9,34663,20,28303,1369,4971
365,8,11,5;6;7;8,3;4;6,8,980,0,980,0,0
366,8,13,3;4;7,2;3;4;5,7,1557,18,1533,5,1
367,9,13,5;6;7;8;9,2;5;6;8,9,10120,0,10120,0,0
368,6,5,3;5;6,2;3;4,6,15,0,3,0,12
369,8,8,3;5;6;7;8,2;3;4;5;6;7,8,221,0,133,0,88
370,8,14,5;6,2;3;4;5;6,6,1646,268,1378,0,0
371,7,14,3,2,3,65,65,0,0,0
372,9,12,3;6;8;9,2;3;4;5;8,9,5995,0,5991,0,4
373,6,7,4;5,2;3;5,5,24,0,21,0,3
374,6,6,5;6,3;4;5,6,21,0,19,0,2
375,9,9,3;4;5;7,1;3;4;5,7,771,2,123,25,621
376,6,9,6,1;3;4,6,21,0,21,0,0
377,6,14,3;5;6,1;2;5,6,1,0,1,0,0
378,6,7,4;6,1;2;4,6,24,0,21,0,3
379,8,10,3;5;6;8,1;2;3;5;7,8,663,0,647,0,16
380,8,16,3;4;5;6;8,1;2,8,1312,0,1287,25,0
381,9,13,4;5;6;8;9,1;2;5;6,9,10120,0,10023,30,67
382,10,16,4;5;7,3;6;8,7,241577,27900,213676,0,1
383,8,7,4;5;7,2;5,7,115,0,65,0,50
384,9,20,3;8;9,2;4;5;6;7;8,9,27987,0,27987,0,0
385,10,14,5;6;7,2;4;6;7,7,71318,4064,67254,0,0
386,9,20,4;5;6;7;9,2;5;7,9,27987,0,27987,0,0
387,9,17,3;4;8;9,1;2;5;7;8,9,32403,0,32403,0,0
388,6,12,3;6,3;5,6,5,0,5,0,0
389,10,14,5,5;6;8,5,71318,38211,33107,0,0
390,8,16,4;6,2;3;4;5;6,6,1312,287,1025,0,0
391,6,14,4,4;5,4,1,1,0,0,0
392,6,13,3,1;2;3;4;5,3,2,2,0,0,0
393,9,9,5;8;9,4;7;8,9,771,0,736,0,35
394,8,12,4;5;6,1;2;4,6,1312,94,1208,5,5
395,10,9,3;4;7,3;6;8,7,1103,2,339,18,744
396,9,18,3;6,3;5;6,6,34040,13769,20271,0,0
397,7,16,3;4;6,3;4;5;6,6,21,4,17,0,0
398,9,16,5;8,1;3;5;8,8,27987,185,27802,0,0
399,8,16,7,2;4;6;7,7,1312,34,1278,0,0
400,8,13,3;6,1;5;6,6,1557,183,1374,0,0
401,7,9,4;5;7,4;5,7,131,0,126,0,5
402,10,12,3;4;5;10,2;3;4;5;6;7;8;9,10,15772,0,10435,651,4686
403,10,21,3;4;7;9;10,3;6;8,10,1251389,0,1251389,0,0
404,6,5,4;5,1;3,5,15,0,6,0,9
405,6,6,3;4;5;6,3;4;5,6,21,0,0,1,20
406,9,13,3;4;5;9,2;3;5;8,9,10120,0,9316,423,381
407,7,8,3,1;2;4;6,3,97,64,23,0,10
408,7,15,4;7,1;3,7,41,0,41,0,0
409,10,20,4;5;7;8;9,5;6;7;8,9,1061159,4734,1056425,0,0
410,6,7,4;5,1;3,5,24,0,21,0,3
411,9,12,6;7,1;4;6,7,5995,107,5888,0,0
412,8,16,3;4;6;8,2;4;5;7,8,1312,0,1311,1,0
413,10,15,5;6;8;9;10,2;3;7;8,10,136433,0,136432,1,0
414,6,9,3;6,1;2;3;5,6,21,0,21,0,0
415,9,18,3;6;8;9,2;4;5;7;8,9,34040,0,34040,0,0
416,7,10,6,1;2;5,6,148,2,146,0,0
417,6,13,3;6,1;3;4;5,6,2,0,2,0,0
418,6,5,3;5,3;4,5,15,0,3,0,12
419,10,12,4;7;8;10,4;5,10,15772,0,15618,0,154
420,8,15,3;5;8,1;4;6,8,1557,0,1557,0,0
421,8,16,3;5;6;7,2,7,1312,34,1278,0,0
422,8,11,3;5,3;6;7,5,980,234,746,0,0
423,6,13,3;6,5,6,2,0,2,0,0
424,6,7,3;5,1;3;4;5,5,24,0,21,0,3
425,7,6,3,1;3;4;5,3,41,11,4,0,26
426,9,14,3;5;9,2;4;7,9,15615,0,15615,0,0
427,7,11,3;7,1;3,7,148,0,148,0,0
428,9,18,3;4;7;8;9,1;2;4;5;8,9,34040,0,34040,0,0
429,6,6,3;5;6,1;3;4,6,21,0,10,0,11
430,9,12,3;6;9,1;2;3;5,9,5995,0,5991,0,4
431,8,8,3;4;5;6;7;8,1;2;4;6;7,8,221,0,0,8,213
432,9,13,5;8;9,4;5;7;8,9,10120,0,10120,0,0
433,9,18,3;6;7;9,2;4,9,34040,0,34040,0,0
434,9,15,3;5;6;8;9,1;4;5;8,9,21933,0,21933,0,0
435,6,12,3;5;6,4;5,6,5,0,5,0,0
436,9,20,4;7;8;9,1;4;7,9,27987,0,27987,0,0
437,10,19,3;4;5;6,1;3;4;5;7;9,6,828728,458327,369495,906,0
438,6,5,3;5;6,1;3;4,6,15,0,3,0,12
439,8,14,4;6;7,2;3;6;7,7,1646,21,1624,1,0
440,9,10,3;4;5;7;8;9,1;3;5;7,9,1637,0,522,76,1039
441,8,8,4,1;2;3,4,221,43,137,0,41
442,6,11,3;5;6,3;4;5,6,9,0,9,0,0
443,8,10,5;7;8,2;3;6;7,8,663,0,663,0,0
444,7,12,4;6,1;4,6,131,8,122,1,0
445,9,13,3;4;8,1;3;4;5;6;8,8,10120,20,9940,83,77
446,7,8,3;6;7,1;3,7,97,0,86,0,11
447,6,8,3;4;6,1;3;4,6,24,0,15,3,6
448,8,7,4;5,2;3;4;5;6,5,115,2,64,0,49
449,6,9,3;4,2;3;5,4,21,7,12,1,1
450,6,5,4;5,2;5,5,15,0,6,0,9
451,7,9,6,1;4;5;6,6,131,3,128,0,0
452,8,7,5;6,1;2;6,6,115,1,83,0,31
453,10,17,3;7;8;10,4;5;6;7;9,10,395166,0,395166,0,0
454,10,19,3;4;5;6,1;3;5;6;7;8;9,6,828728,458327,369495,906,0
455,9,15,3;4;5;6;7;9,1;3;6,9,21933,0,16568,4976,389
456,8,13,4;5;6;7,3;4;7,7,1557,18,1534,5,0
457,9,17,3;4,2;5;6;7;8,4,32403,31812,591,0,0
458,8,9,3;4;7,4;7,7,402,0,218,15,169
459,8,11,3;4;5;7,6,7,980,8,708,100,164
460,7,7,4;7,1;3;5;6,7,65,0,52,0,13
461,6,10,5,1;2;4,5,15,1,14,0,0
462,6,9,3;4,2;3,4,21,7,12,1,1
463,8,13,3;8,1;6,8,1557,0,1557,0,0
464,6,13,4;6,3;5,6,2,0,2,0,0
465,9,9,5;7,4;5;6,7,771,2,732,0,37
466,10,13,5;7;8,2;3;4;6;7;8;9,8,34663,162,34501,0,0
467,8,9,3;4;5,5,5,402,46,59,23,274
468,6,11,3,3;5,3,9,9,0,0,0
469,10,21,3,1;3;4;5;6;7;8,3,1251389,1251281,108,0,0
470,6,9,5;6,2;3;4;5,6,21,0,21,0,0
471,7,10,6;7,2;6,7,148,0,148,0,0
472,7,14,3;7,1;3;4;5,7,65,0,65,0,0
473,6,10,4;5,1;2;4;5,5,15,1,14,0,0
474,6,11,5;6,3;5,6,9,0,9,0,0
475,6,5,3;4;6,1,6,15,0,1,0,14
476,10,17,4;6;7;8;9,3;4;5;6;7;8;9,9,395166,663,394346,157,0
477,6,5,5,3;5,5,15,0,8,0,7
478,7,14,6;7,1;2;4;5;6,7,65,0,65,0,0
479,6,12,3;4;5,1;2;3,5,5,1,4,0,0
480,9,19,5;9,1;2;5;6;8,9,32403,0,32403,0,0
481,9,17,3;6;7;8;9,2;3;6;7,9,32403,0,32403,0,0
482,10,15,7;10,1;3;4;5;6;9,10,136433,0,136433,0,0
483,6,11,5,2;5,5,9,3,6,0,0
484,9,8,3;4;5;6;7,3;6;8,7,345,1,0,8,336
485,6,13,4;5,5,5,2,1,1,0,0
486,10,15,5;8;10,1;2;4;7;8,10,136433,0,136433,0,0
487,9,14,3;4;5;6;7;8,1;5;6,8,15615,59,2725,7009,5822
488,6,10,5,1;2;4;5,5,15,1,14,0,0
489,7,12,4;5,2;3;4;5,5,131,33,98,0,0
490,6,9,3;5,2;4;5,5,21,3,18,0,0
491,6,8,3;4;6,5,6,24,0,15,3,6
492,6,7,3;5;6,1;2,6,24,0,20,0,4
493,7,10,4;7,1;2;5,7,148,0,147,0,1
494,10,11,3;9,4;5,9,6759,1,6380,0,378
495,10,19,4;6;7;8;9,2;4;5,9,828728,2802,825889,37,0
496,8,18,3;4;7,1;2;4;7,7,663,18,645,0,0
497,6,5,4;5,1;2;4;5,5,15,0,6,0,9
498,10,13,4;5;6;7;8;10,2;3;8,10,34663,0,32965,78,1620
499,6,14,3;4;5,2;5,5,1,0,1,0,0
500,9,11,3;6;7;8,4;5;6;7;8,8,3252,5,3194,0,53
